{
  "counts": {
    "pos_unique_eoa": 292,
    "pos": 292,
    "ptx_neg": 80,
    "normal_eoa_neg": 1324,
    "needle_n": 113,
    "artifact": "last tx of every bag is GT (detection cutoff) -> EXCLUDED from candidates+GT for all methods"
  },
  "account": {
    "cross_domain": {
      "auc_combined": 0.9840853432463021,
      "auc_ci": [
        0.9789162700190632,
        0.9890249946304595
      ],
      "aupr_combined": 0.8773908986728627,
      "by_source": {
        "ptx_benign": {
          "auc": 0.724978595890411,
          "auc_ci": [
            0.6579674739614229,
            0.7910078432939172
          ],
          "aupr": 0.8780736846924317,
          "n_neg": 80
        },
        "normal_eoa": {
          "auc": 0.9997413400653892,
          "auc_ci": [
            0.9993952788813657,
            0.9999745436241896
          ],
          "aupr": 0.9989264586301426,
          "n_neg": 1324
        }
      },
      "stratified": {
        "3-20": {
          "auc": 0.9994070425104907,
          "n": 1272,
          "pos": 54
        },
        "20-100": {
          "auc": 0.9710604929051532,
          "n": 207,
          "pos": 103
        },
        "100+": {
          "auc": 0.7409412955465587,
          "n": 206,
          "pos": 130
        }
      }
    }
  },
  "localization": {
    "full": {
      "headL_unified": {
        "hit@1": 0.4158415841584158,
        "hit@5": 0.7524752475247525,
        "hit@10": 0.8910891089108911,
        "mrr": 0.5763063547038098,
        "n": 101
      },
      "amount": {
        "hit@1": 0.3465346534653465,
        "hit@5": 0.5841584158415841,
        "hit@10": 0.6633663366336634,
        "mrr": 0.4471114326713132,
        "n": 101
      },
      "recency": {
        "hit@1": 0.693069306930693,
        "hit@5": 0.9207920792079208,
        "hit@10": 0.9306930693069307,
        "mrr": 0.799140018669645,
        "n": 101
      },
      "novelty": {
        "hit@1": 0.3564356435643564,
        "hit@5": 0.7821782178217822,
        "hit@10": 0.8316831683168316,
        "mrr": 0.5506269064269217,
        "n": 101
      },
      "degree": {
        "hit@1": 0.46534653465346537,
        "hit@5": 0.7722772277227723,
        "hit@10": 0.8217821782178217,
        "mrr": 0.6070546991842739,
        "n": 101
      }
    },
    "needle": {
      "headL_unified": {
        "hit@1": 0.0,
        "hit@5": 0.1,
        "hit@10": 0.3,
        "mrr": 0.07237119090060266,
        "n": 10
      },
      "amount": {
        "hit@1": 0.0,
        "hit@5": 0.0,
        "hit@10": 0.0,
        "mrr": 0.019348861151246885,
        "n": 10
      },
      "recency": {
        "hit@1": 0.8,
        "hit@5": 0.9,
        "hit@10": 0.9,
        "mrr": 0.8525641025641025,
        "n": 10
      },
      "novelty": {
        "hit@1": 0.0,
        "hit@5": 0.0,
        "hit@10": 0.0,
        "mrr": 0.024532441257366137,
        "n": 10
      },
      "degree": {
        "hit@1": 0.0,
        "hit@5": 0.0,
        "hit@10": 0.0,
        "mrr": 0.02635811104873843,
        "n": 10
      }
    },
    "headL_needle_ci": {
      "hit@1": [
        0.0,
        0.0
      ],
      "hit@5": [
        0.0,
        0.3
      ],
      "hit@10": [
        0.0,
        0.6
      ]
    },
    "permutation_vs_baselines": {
      "amount": {
        "delta_hit@1": 0.0,
        "p": 1.0
      },
      "recency": {
        "delta_hit@1": -0.8,
        "p": 1.0
      },
      "novelty": {
        "delta_hit@1": 0.0,
        "p": 1.0
      },
      "degree": {
        "delta_hit@1": 0.0,
        "p": 1.0
      }
    }
  },
  "ood": {
    "cross_mechanism": {
      "payable_function": {
        "n_pos": 59,
        "auc": 0.9975071225071226,
        "aupr": 0.8939393939393939,
        "n_needle": 10,
        "headL_hit@1": NaN,
        "headL_hit@5": NaN,
        "headL_hit@10": NaN
      },
      "ice_phishing": {
        "n_pos": 45,
        "auc": 0.9670148781259892,
        "aupr": 0.3156162238796112,
        "n_needle": 5,
        "headL_hit@1": 0.0,
        "headL_hit@5": 0.5,
        "headL_hit@10": 0.5
      },
      "address_poisoning": {
        "n_pos": 188,
        "auc": 0.9839592047038855,
        "aupr": 0.7650188337847958,
        "n_needle": 98,
        "headL_hit@1": 0.0,
        "headL_hit@5": 0.0,
        "headL_hit@10": 0.25
      }
    },
    "temporal": {
      "early": {
        "n_pos": 146,
        "auc": 0.9850842016937907,
        "aupr": 0.8021962350473023,
        "n_needle": 54,
        "headL_hit@1": 0.0,
        "headL_hit@5": 0.16666666666666666,
        "headL_hit@10": 0.16666666666666666
      },
      "late": {
        "n_pos": 146,
        "auc": 0.9830864847988136,
        "aupr": 0.7625385801681756,
        "n_needle": 59,
        "headL_hit@1": 0.0,
        "headL_hit@5": 0.0,
        "headL_hit@10": 0.5
      }
    },
    "temporal_median_ts": 1686638591
  },
  "category_dist": {
    "ice_phishing": 45,
    "payable_function": 59,
    "address_poisoning": 188
  }
}