{
  "protocol": "artifact_removed; attention-only; weakly-supervised",
  "recency_full": {
    "hit@1": 0.693069306930693,
    "hit@5": 0.9207920792079208,
    "hit@10": 0.9306930693069307,
    "mrr": 0.799140018669645,
    "n": 101
  },
  "recency_needle": {
    "hit@1": 0.8,
    "hit@5": 0.9,
    "hit@10": 0.9,
    "mrr": 0.8525641025641025,
    "n": 10
  },
  "counts": {
    "pos": 292,
    "needle": 113,
    "ptx_neg": 240,
    "normal_eoa_neg": 1324
  },
  "configs": {
    "baseline": {
      "loc_full": {
        "hit@1": 0.43564356435643564,
        "hit@5": 0.7722772277227723,
        "hit@10": 0.8910891089108911,
        "mrr": 0.5921339757091758,
        "n": 101
      },
      "loc_needle": {
        "hit@1": 0.0,
        "hit@5": 0.0,
        "hit@10": 0.2,
        "mrr": 0.05409100570052583,
        "n": 10
      },
      "in_domain": {
        "precision": 0.719659474647488,
        "recall": 0.760053619302949,
        "f1": 0.7392290365081389,
        "auc": 0.9235826319740923,
        "aupr": 0.8177797271338627
      },
      "cross_combined_auc": 0.9383682076165785,
      "cross_by_source": {
        "ptx_benign": {
          "auc": 0.5752140410958904,
          "n_neg": 80
        },
        "normal_eoa": {
          "auc": 0.9994438811405869,
          "n_neg": 1324
        }
      },
      "sec": 147.7
    },
    "sharpen": {
      "loc_full": {
        "hit@1": 0.39603960396039606,
        "hit@5": 0.7623762376237624,
        "hit@10": 0.8613861386138614,
        "mrr": 0.5565763282030912,
        "n": 101
      },
      "loc_needle": {
        "hit@1": 0.0,
        "hit@5": 0.0,
        "hit@10": 0.0,
        "mrr": 0.03544285696139916,
        "n": 10
      },
      "in_domain": {
        "precision": 0.714996806734328,
        "recall": 0.7727882037533511,
        "f1": 0.74235852246444,
        "auc": 0.9245109112257361,
        "aupr": 0.8181759536127076
      },
      "cross_combined_auc": 0.9508778422029921,
      "cross_by_source": {
        "ptx_benign": {
          "auc": 0.6754066780821917,
          "n_neg": 80
        },
        "normal_eoa": {
          "auc": 0.9993869759549725,
          "n_neg": 1324
        }
      },
      "sec": 146.1
    },
    "instance": {
      "loc_full": {
        "hit@1": 0.42574257425742573,
        "hit@5": 0.7524752475247525,
        "hit@10": 0.8514851485148515,
        "mrr": 0.5823942141574641,
        "n": 101
      },
      "loc_needle": {
        "hit@1": 0.0,
        "hit@5": 0.0,
        "hit@10": 0.1,
        "mrr": 0.047395099453922986,
        "n": 10
      },
      "in_domain": {
        "precision": 0.710910186859554,
        "recall": 0.7761394101876675,
        "f1": 0.7419198586591005,
        "auc": 0.9234337259893208,
        "aupr": 0.8167609509590021
      },
      "cross_combined_auc": 0.9390765686858423,
      "cross_by_source": {
        "ptx_benign": {
          "auc": 0.5979023972602739,
          "n_neg": 80
        },
        "normal_eoa": {
          "auc": 0.9992033274013987,
          "n_neg": 1324
        }
      },
      "sec": 146.8
    },
    "sharpen+inst": {
      "loc_full": {
        "hit@1": 0.5148514851485149,
        "hit@5": 0.8514851485148515,
        "hit@10": 0.9207920792079208,
        "mrr": 0.6460173472392118,
        "n": 101
      },
      "loc_needle": {
        "hit@1": 0.0,
        "hit@5": 0.2,
        "hit@10": 0.4,
        "mrr": 0.10785595245765338,
        "n": 10
      },
      "in_domain": {
        "precision": 0.7162835788031512,
        "recall": 0.7761394101876675,
        "f1": 0.7444105464196245,
        "auc": 0.9256942700451123,
        "aupr": 0.8183666512472572
      },
      "cross_combined_auc": 0.9496154924149528,
      "cross_by_source": {
        "ptx_benign": {
          "auc": 0.6874785958904109,
          "n_neg": 80
        },
        "normal_eoa": {
          "auc": 0.9994645739353558,
          "n_neg": 1324
        }
      },
      "sec": 153.2
    }
  },
  "best_config": "sharpen+inst"
}