{
  "full": {
    "n_bags": 292,
    "io_embed": {
      "attention": {
        "hit@1": 0.1815068493150685,
        "hit@5": 0.4589041095890411,
        "hit@10": 0.5993150684931506,
        "mrr": 0.32492685017090794,
        "n": 292,
        "hit@10_ci": [
          0.541095890410959,
          0.6575342465753424
        ]
      },
      "lift_vs_random": {
        "hit@1": 0.828,
        "hit@5": 0.944,
        "hit@10": 0.978
      }
    },
    "hardmask": {
      "attention": {
        "hit@1": 0.2910958904109589,
        "hit@5": 0.5787671232876712,
        "hit@10": 0.6815068493150684,
        "mrr": 0.4289949814065752,
        "n": 292,
        "hit@10_ci": [
          0.6301369863013698,
          0.7397260273972602
        ]
      },
      "lift_vs_random": {
        "hit@1": 1.328,
        "hit@5": 1.19,
        "hit@10": 1.112
      }
    },
    "none": {
      "attention": {
        "hit@1": 0.2945205479452055,
        "hit@5": 0.565068493150685,
        "hit@10": 0.6746575342465754,
        "mrr": 0.4262790537361729,
        "n": 292,
        "hit@10_ci": [
          0.6232876712328768,
          0.7328767123287672
        ]
      }
    },
    "amount": {
      "hit@1": 0.1267123287671233,
      "hit@5": 0.2876712328767123,
      "hit@10": 0.3938356164383562,
      "mrr": 0.2123826142096073,
      "n": 292,
      "hit@10_ci": [
        0.3356164383561644,
        0.4486301369863014
      ]
    },
    "random": {
      "hit@1": 0.2191780821917808,
      "hit@5": 0.4863013698630137,
      "hit@10": 0.613013698630137,
      "mrr": 0.35188138056591634,
      "n": 292,
      "hit@10_ci": [
        0.5547945205479452,
        0.6678082191780822
      ]
    }
  },
  "subset_le2gt_len20": {
    "n_bags": 111,
    "io_embed": {
      "attention": {
        "hit@1": 0.06306306306306306,
        "hit@5": 0.17117117117117117,
        "hit@10": 0.24324324324324326,
        "mrr": 0.13900058915904318,
        "n": 111,
        "hit@10_ci": [
          0.17117117117117117,
          0.32454954954954934
        ]
      },
      "lift_vs_random": {
        "hit@1": 7.0,
        "hit@5": 1.727,
        "hit@10": 1.286
      }
    },
    "hardmask": {
      "attention": {
        "hit@1": 0.1981981981981982,
        "hit@5": 0.34234234234234234,
        "hit@10": 0.3963963963963964,
        "mrr": 0.2848948573171186,
        "n": 111,
        "hit@10_ci": [
          0.3153153153153153,
          0.4864864864864865
        ]
      },
      "lift_vs_random": {
        "hit@1": 22.0,
        "hit@5": 3.455,
        "hit@10": 2.095
      }
    },
    "none": {
      "attention": {
        "hit@1": 0.1981981981981982,
        "hit@5": 0.34234234234234234,
        "hit@10": 0.3963963963963964,
        "mrr": 0.2834844575258687,
        "n": 111,
        "hit@10_ci": [
          0.3153153153153153,
          0.4864864864864865
        ]
      }
    },
    "amount": {
      "hit@1": 0.018018018018018018,
      "hit@5": 0.018018018018018018,
      "hit@10": 0.018018018018018018,
      "mrr": 0.03869466691644576,
      "n": 111,
      "hit@10_ci": [
        0.0,
        0.04504504504504504
      ]
    },
    "random": {
      "hit@1": 0.009009009009009009,
      "hit@5": 0.0990990990990991,
      "hit@10": 0.1891891891891892,
      "mrr": 0.07275326014861545,
      "n": 111,
      "hit@10_ci": [
        0.11711711711711711,
        0.26126126126126126
      ]
    }
  },
  "subset_1gt_len20": {
    "n_bags": 103,
    "io_embed": {
      "attention": {
        "hit@1": 0.06796116504854369,
        "hit@5": 0.18446601941747573,
        "hit@10": 0.2524271844660194,
        "mrr": 0.14483602667515777,
        "n": 103,
        "hit@10_ci": [
          0.17475728155339806,
          0.33980582524271846
        ]
      },
      "lift_vs_random": {
        "hit@1": 7.0,
        "hit@5": 1.9,
        "hit@10": 1.444
      }
    },
    "hardmask": {
      "attention": {
        "hit@1": 0.21359223300970873,
        "hit@5": 0.33980582524271846,
        "hit@10": 0.3786407766990291,
        "mrr": 0.2904981452444657,
        "n": 103,
        "hit@10_ci": [
          0.2815533980582524,
          0.46601941747572817
        ]
      },
      "lift_vs_random": {
        "hit@1": 22.0,
        "hit@5": 3.5,
        "hit@10": 2.167
      }
    },
    "none": {
      "attention": {
        "hit@1": 0.21359223300970873,
        "hit@5": 0.33980582524271846,
        "hit@10": 0.3786407766990291,
        "mrr": 0.28899738706734174,
        "n": 103,
        "hit@10_ci": [
          0.2815533980582524,
          0.46601941747572817
        ]
      }
    },
    "amount": {
      "hit@1": 0.019417475728155338,
      "hit@5": 0.019417475728155338,
      "hit@10": 0.019417475728155338,
      "mrr": 0.039540311584042566,
      "n": 103,
      "hit@10_ci": [
        0.0,
        0.04854368932038835
      ]
    },
    "random": {
      "hit@1": 0.009708737864077669,
      "hit@5": 0.0970873786407767,
      "hit@10": 0.17475728155339806,
      "mrr": 0.07169381020591221,
      "n": 103,
      "hit@10_ci": [
        0.10679611650485436,
        0.2524271844660194
      ]
    }
  }
}