{
  "protocol": "step8b_n=101_artifact_removed",
  "features": [
    "log_amt",
    "amt_z",
    "amt_rank",
    "novelty",
    "inbound",
    "position",
    "attn",
    "attn_rank",
    "zero_out",
    "outbound",
    "amt_vs_cummax",
    "is_runmax",
    "local_z",
    "log_dt",
    "inbound_val",
    "dist_end_nl",
    "cp_freq",
    "cp_reputation"
  ],
  "full": {
    "content_aware": {
      "hit@1": 0.8316831683168316,
      "hit@5": 0.9306930693069307,
      "hit@10": 0.9405940594059405,
      "mrr": 0.8804737253923169,
      "n": 101,
      "hit@1_lo": 0.7524752475247525,
      "hit@1_hi": 0.900990099009901,
      "hit@5_lo": 0.8811881188118812,
      "hit@5_hi": 0.9801980198019802,
      "hit@10_lo": 0.8910891089108911,
      "hit@10_hi": 0.9801980198019802,
      "mrr_lo": 0.8233421642006878,
      "mrr_hi": 0.9322433267200945
    },
    "recency": {
      "hit@1": 0.693069306930693,
      "hit@5": 0.9207920792079208,
      "hit@10": 0.9306930693069307,
      "mrr": 0.799140018669645,
      "n": 101,
      "hit@1_lo": 0.6039603960396039,
      "hit@1_hi": 0.7821782178217822,
      "hit@5_lo": 0.8613861386138614,
      "hit@5_hi": 0.9702970297029703,
      "hit@10_lo": 0.8811881188118812,
      "hit@10_hi": 0.9702970297029703,
      "mrr_lo": 0.7356658892996945,
      "mrr_hi": 0.8609209469172687
    },
    "attn_only": {
      "hit@1": 0.4158415841584158,
      "hit@5": 0.7524752475247525,
      "hit@10": 0.8910891089108911,
      "mrr": 0.5763063547038098,
      "n": 101,
      "hit@1_lo": 0.31683168316831684,
      "hit@1_hi": 0.5148514851485149,
      "hit@5_lo": 0.6732673267326733,
      "hit@5_hi": 0.8316831683168316,
      "hit@10_lo": 0.8316831683168316,
      "hit@10_hi": 0.9504950495049505,
      "mrr_lo": 0.49921907145061634,
      "mrr_hi": 0.6510152912511677
    },
    "amount": {
      "hit@1": 0.3465346534653465,
      "hit@5": 0.5841584158415841,
      "hit@10": 0.6633663366336634,
      "mrr": 0.4471114326713132,
      "n": 101,
      "hit@1_lo": 0.25742574257425743,
      "hit@1_hi": 0.44554455445544555,
      "hit@5_lo": 0.49504950495049505,
      "hit@5_hi": 0.6732673267326733,
      "hit@10_lo": 0.5742574257425742,
      "hit@10_hi": 0.7524752475247525,
      "mrr_lo": 0.3698735676547108,
      "mrr_hi": 0.5296162033184715
    }
  },
  "paired_vs_recency": {
    "hit@1": {
      "mean_diff": 0.13885767326732676,
      "p_not_better": 0.001875,
      "ci": [
        0.03960396039603964,
        0.2376237623762376
      ]
    },
    "hit@5": {
      "mean_diff": 0.01000742574257425,
      "p_not_better": 0.436,
      "ci": [
        -0.04950495049504944,
        0.06930693069306926
      ]
    },
    "hit@10": {
      "mean_diff": 0.010021039603960386,
      "p_not_better": 0.435125,
      "ci": [
        -0.04950495049504944,
        0.06930693069306926
      ]
    },
    "mrr": {
      "mean_diff": 0.08153713193813374,
      "p_not_better": 0.0035,
      "ci": [
        0.021094519134960212,
        0.14057958880926458
      ]
    }
  }
}