{
  "content_no_rep (with attn)": {
    "hit@1": 0.801980198019802,
    "hit@5": 0.9207920792079208,
    "hit@10": 0.9504950495049505,
    "mrr": 0.8535737176202093,
    "n": 101
  },
  "content_no_rep_no_attn": {
    "hit@1": 0.801980198019802,
    "hit@5": 0.9306930693069307,
    "hit@10": 0.9603960396039604,
    "mrr": 0.8613661869461261,
    "n": 101
  },
  "recency": {
    "hit@1": 0.693069306930693,
    "hit@5": 0.9207920792079208,
    "hit@10": 0.9306930693069307,
    "mrr": 0.799140018669645,
    "n": 101
  }
}