{
  "fusion_baseline_attn": {
    "hit@1": 0.8316831683168316,
    "hit@5": 0.9306930693069307,
    "hit@10": 0.9405940594059405,
    "mrr": 0.8804737253923169,
    "n": 101
  },
  "fusion_strong_attn": {
    "hit@1": 0.7821782178217822,
    "hit@5": 0.9306930693069307,
    "hit@10": 0.9405940594059405,
    "mrr": 0.848176839768601,
    "n": 101
  },
  "fusion_no_attn": {
    "hit@1": 0.7920792079207921,
    "hit@5": 0.9405940594059405,
    "hit@10": 0.9405940594059405,
    "mrr": 0.8602869661966196,
    "n": 101
  },
  "paired_strong_vs_noattn": {
    "hit@1": {
      "mean_diff": -0.010056930693069305,
      "p_not_better": 0.680375,
      "ci": [
        -0.07920792079207917,
        0.04950495049504955
      ]
    },
    "hit@5": {
      "mean_diff": -0.009991336633663356,
      "p_not_better": 1.0,
      "ci": [
        -0.02970297029702973,
        0.0
      ]
    },
    "hit@10": {
      "mean_diff": 0.0,
      "p_not_better": 1.0,
      "ci": [
        0.0,
        0.0
      ]
    },
    "mrr": {
      "mean_diff": -0.012195153006526375,
      "p_not_better": 0.7415,
      "ci": [
        -0.050409373137155454,
        0.02498887551776852
      ]
    }
  },
  "paired_strong_vs_baseline": {
    "hit@1": {
      "mean_diff": -0.04983539603960395,
      "p_not_better": 0.9875,
      "ci": [
        -0.0990099009900991,
        0.0
      ]
    },
    "hit@5": {
      "mean_diff": 0.0,
      "p_not_better": 1.0,
      "ci": [
        0.0,
        0.0
      ]
    },
    "hit@10": {
      "mean_diff": 0.0,
      "p_not_better": 1.0,
      "ci": [
        0.0,
        0.0
      ]
    },
    "mrr": {
      "mean_diff": -0.032505345724372026,
      "p_not_better": 0.991,
      "ci": [
        -0.062211872674268,
        -0.005371015661343699
      ]
    }
  }
}