{
  "account": {
    "BERT4ETH": {
      "in_domain": {
        "precision": [
          0.7493589743589744,
          0.017307692307692357
        ],
        "recall": [
          0.7218498659517426,
          0.043565683646112574
        ],
        "f1": [
          0.7340670669980183,
          0.014294663015087916
        ],
        "auc": [
          0.9247252306563565,
          0.0008198046932010317
        ],
        "aupr": [
          0.8248319676535445,
          0.002517312880738698
        ]
      },
      "cross_domain": {
        "auc": 0.9887844904968193,
        "auc_ci": [
          0.9850070836718556,
          0.9921687689378899
        ],
        "aupr": 0.9362420370010065,
        "by_source": {
          "ptx_benign": {
            "auc": 0.8357448630136987,
            "aupr": 0.9426405630582564,
            "n_neg": 80
          },
          "normal_eoa": {
            "auc": 0.998031597897612,
            "aupr": 0.9910077240729718,
            "n_neg": 1324
          }
        }
      }
    },
    "ZipZap": {
      "in_domain": {
        "precision": [
          0.7372448556256224,
          0.00626659475605712
        ],
        "recall": [
          0.6869973190348526,
          0.03418230563002683
        ],
        "f1": [
          0.7106317927911526,
          0.015414091149468123
        ],
        "auc": [
          0.915118329307722,
          0.0026579553926318056
        ],
        "aupr": [
          0.8004522955187992,
          0.0022889167917816144
        ]
      },
      "cross_domain": {
        "auc": 0.9794276626468408,
        "auc_ci": [
          0.9731081522883455,
          0.9856313973453552
        ],
        "aupr": 0.8910584398432491,
        "by_source": {
          "ptx_benign": {
            "auc": 0.7760702054794522,
            "aupr": 0.9078644589044806,
            "n_neg": 80
          },
          "normal_eoa": {
            "auc": 0.991715122294417,
            "aupr": 0.9766082093974937,
            "n_neg": 1324
          }
        }
      }
    },
    "TSGN": {
      "in_domain": {
        "precision": [
          0.7224748419863376,
          0.002320798340637975
        ],
        "recall": [
          0.732573726541555,
          0.01943699731903481
        ],
        "f1": [
          0.7273283119184759,
          0.008409392999556953
        ],
        "auc": [
          0.9178522168912638,
          0.004341612023977537
        ],
        "aupr": [
          0.8058922439458511,
          0.005090520063277648
        ]
      },
      "cross_domain": {
        "auc": 0.9847671037739532,
        "auc_ci": [
          0.9798660981432546,
          0.9894344724018128
        ],
        "aupr": 0.8882631040923293,
        "by_source": {
          "ptx_benign": {
            "auc": 0.7596746575342466,
            "aupr": 0.8929166395860482,
            "n_neg": 80
          },
          "normal_eoa": {
            "auc": 0.9983678558126061,
            "aupr": 0.9931729530124972,
            "n_neg": 1324
          }
        }
      }
    },
    "LMAE4Eth": {
      "in_domain": {
        "precision": [
          0.736442585021077,
          0.007147158568666601
        ],
        "recall": [
          0.764745308310992,
          0.026139410187667522
        ],
        "f1": [
          0.7499659427795449,
          0.008876500950358635
        ],
        "auc": [
          0.9327796309761264,
          0.004786357713592926
        ],
        "aupr": [
          0.833573468230103,
          0.007868891060032968
        ]
      },
      "cross_domain": {
        "auc": 0.9804399367755532,
        "auc_ci": [
          0.9749892753412059,
          0.9858689132073897
        ],
        "aupr": 0.8683062485406113,
        "by_source": {
          "ptx_benign": {
            "auc": 0.707876712328767,
            "aupr": 0.8800312382372995,
            "n_neg": 80
          },
          "normal_eoa": {
            "auc": 0.9969090137814013,
            "aupr": 0.9837462184565805,
            "n_neg": 1324
          }
        }
      }
    },
    "GatedMIL": {
      "in_domain": {
        "precision": [
          0.735836123067113,
          0.011653116531165297
        ],
        "recall": [
          0.7205093833780161,
          0.02211796246648795
        ],
        "f1": [
          0.7276979672744067,
          0.005591245167684611
        ],
        "auc": [
          0.9250529553071671,
          0.0010226192464107275
        ],
        "aupr": [
          0.8126506080240852,
          0.004491471506408773
        ]
      },
      "cross_domain": {
        "auc": 0.9741711548218397,
        "auc_ci": [
          0.9669969480230939,
          0.9812229827665029
        ],
        "aupr": 0.7772161142453456,
        "by_source": {
          "ptx_benign": {
            "auc": 0.5672517123287671,
            "aupr": 0.780261022944883,
            "n_neg": 80
          },
          "normal_eoa": {
            "auc": 0.9987584323138683,
            "aupr": 0.9952948304250611,
            "n_neg": 1324
          }
        }
      }
    },
    "TransMIL": {
      "in_domain": {
        "precision": [
          0.7192474235148114,
          0.022031646252630432
        ],
        "recall": [
          0.7446380697050938,
          0.060991957104557626
        ],
        "f1": [
          0.7294047544703262,
          0.018107683340619074
        ],
        "auc": [
          0.924460947186696,
          0.003529696389572179
        ],
        "aupr": [
          0.8206105995152144,
          0.0008338935012884852
        ]
      },
      "cross_domain": {
        "auc": 0.9902626546462163,
        "auc_ci": [
          0.9869648455186367,
          0.9932521245741932
        ],
        "aupr": 0.9512760402259635,
        "by_source": {
          "ptx_benign": {
            "auc": 0.853125,
            "aupr": 0.9552606980423485,
            "n_neg": 80
          },
          "normal_eoa": {
            "auc": 0.9985489177668336,
            "aupr": 0.9940822724948015,
            "n_neg": 1324
          }
        }
      }
    },
    "CLAM": {
      "in_domain": {
        "precision": [
          0.7287765695240478,
          0.016465011735103063
        ],
        "recall": [
          0.7211796246648794,
          0.038873994638069675
        ],
        "f1": [
          0.7238974222130248,
          0.011511138098259266
        ],
        "auc": [
          0.9209815435469471,
          0.0018818692335910714
        ],
        "aupr": [
          0.8096042487150982,
          0.005131712113487508
        ]
      },
      "cross_domain": {
        "auc": 0.9885771572415408,
        "auc_ci": [
          0.9845190132261828,
          0.9922756824056926
        ],
        "aupr": 0.9228591707543514,
        "by_source": {
          "ptx_benign": {
            "auc": 0.8238013698630137,
            "aupr": 0.9267040499306131,
            "n_neg": 80
          },
          "normal_eoa": {
            "auc": 0.9985333981707569,
            "aupr": 0.9942736130228146,
            "n_neg": 1324
          }
        }
      }
    }
  },
  "transaction": {
    "GatedMIL": {
      "hit@1": 0.24315068493150685,
      "hit@5": 0.4657534246575342,
      "hit@10": 0.6095890410958904,
      "mrr": 0.3618084682323526,
      "n": 292
    },
    "TransMIL": {
      "hit@1": 0.2226027397260274,
      "hit@5": 0.3698630136986301,
      "hit@10": 0.4828767123287671,
      "mrr": 0.3020496897864876,
      "n": 292
    },
    "CLAM": {
      "hit@1": 0.3013698630136986,
      "hit@5": 0.6506849315068494,
      "hit@10": 0.7842465753424658,
      "mrr": 0.4648660642513164,
      "n": 292
    }
  },
  "seeds": [
    42,
    1
  ],
  "transaction_subset": {
    "keep_n": 111,
    "GatedMIL": {
      "hit@1": 0.08108108108108109,
      "hit@5": 0.12612612612612611,
      "hit@10": 0.21621621621621623,
      "mrr": 0.13854711262006528,
      "n": 111
    },
    "TransMIL": {
      "hit@1": 0.09009009009009009,