{
  "protocol": "step8b artifact-removed (exclude final tx from candidates+GT)",
  "seeds": [
    42,
    1
  ],
  "full": {
    "GatedMIL": {
      "hit@1": 0.44554455445544555,
      "hit@5": 0.7524752475247525,
      "hit@10": 0.8811881188118812,
      "mrr": 0.5975172457938891,
      "n": 101
    },
    "TransMIL": {
      "hit@1": 0.40594059405940597,
      "hit@5": 0.6732673267326733,
      "hit@10": 0.7920792079207921,
      "mrr": 0.5329628909731248,
      "n": 101
    },
    "CLAM": {
      "hit@1": 0.45544554455445546,
      "hit@5": 0.7920792079207921,
      "hit@10": 0.8712871287128713,
      "mrr": 0.5988202520659731,
      "n": 101
    }
  },
  "needle": {
    "GatedMIL": {
      "hit@1": 0.0,
      "hit@5": 0.1,
      "hit@10": 0.3,
      "mrr": 0.10028132537542185,
      "n": 10
    },
    "TransMIL": {
      "hit@1": 0.0,
      "hit@5": 0.0,
      "hit@10": 0.0,
      "mrr": 0.02807319897656032,
      "n": 10
    },
    "CLAM": {
      "hit@1": 0.0,
      "hit@5": 0.1,
      "hit@10": 0.1,
      "mrr": 0.0870924823742658,
      "n": 10
    }
  }
}