{
  "counts": {
    "train": 11136,
    "test": 2785,
    "ptx_pos": 292,
    "ptx_neg": 80,
    "normal_eoa_neg": 1324,
    "total_neg": 1404,
    "seeds": [
      42,
      1,
      7
    ]
  },
  "io_embed": {
    "in_domain": {
      "precision": [
        0.7087019525237972,
        0.027682956616018137
      ],
      "recall": [
        0.7663092046470062,
        0.040159827825954085
      ],
      "f1": [
        0.7349535930140987,
        0.010760296214407982
      ],
      "auc": [
        0.919588138537132,
        0.000989580996556084
      ],
      "aupr": [
        0.8067528657900037,
        0.0010987643831727003
      ]
    },
    "cross_domain": {
      "auc": 0.9896674862428287,
      "auc_ci": [
        0.9860128232512657,
        0.9930293638738473
      ],
      "aupr": 0.9321448793070087,
      "aupr_ci": [
        0.8968112237245301,
        0.9648992071648947
      ],
      "by_source": {
        "ptx_benign": {
          "auc": 0.8242722602739726,
          "aupr": 0.9330262730607253,
          "n_neg": 80
        },
        "normal_eoa": {
          "auc": 0.9996611554856599,
          "aupr": 0.9986142258915566,
          "n_neg": 1324
        }
      },
      "stratified": {
        "3-20": {
          "auc": 0.9997263273125342,
          "n": 1272,
          "pos": 54,
          "neg": 1218
        },
        "20-100": {
          "auc": 0.9937453323375655,
          "n": 207,
          "pos": 103,
          "neg": 104
        },
        "100+": {
          "auc": 0.8135627530364372,
          "n": 206,
          "pos": 130,
          "neg": 76
        }
      }
    },
    "loc_attention": {
      "hit@1": 0.1815068493150685,
      "hit@5": 0.4589041095890411,
      "hit@10": 0.5993150684931506,
      "mrr": 0.32492685017090794,
      "n": 292,
      "hit@10_ci": [
        0.541095890410959,
        0.6541095890410958
      ]
    },
    "loc_amount": {
      "hit@1": 0.1267123287671233,
      "hit@5": 0.2876712328767123,
      "hit@10": 0.3938356164383562,
      "mrr": 0.2123826142096073,
      "n": 292,
      "hit@10_ci": [
        0.339041095890411,
        0.4486301369863014
      ]
    },
    "loc_random": {
      "hit@1": 0.2191780821917808,
      "hit@5": 0.4863013698630137,
      "hit@10": 0.613013698630137,
      "mrr": 0.35188138056591634,
      "n": 292,
      "hit@10_ci": [
        0.5582191780821918,
        0.6678082191780822
      ]
    },
    "attn_vs_amount_hit10": {
      "delta_hit@10": 0.20547945205479445,
      "ci": [
        0.15753424657534248,
        0.2534246575342466
      ]
    }
  },
  "hardmask": {
    "in_domain": {
      "precision": [
        0.6981045360127004,
        0.01475556503718147
      ],
      "recall": [
        0.7327971403038428,
        0.010963220863615107
      ],
      "f1": [
        0.7147987846197564,
        0.0026105911629070084
      ],
      "auc": [
        0.9091848805311615,
        0.0009729991073358877
      ],
      "aupr": [
        0.775909599038476,
        0.0034938800425983944
      ]
    },
    "cross_domain": {
      "auc": 0.96551072278812,
      "auc_ci": [
        0.9578287514225569,
        0.9728270676046947
      ],
      "aupr": 0.8501764076150541,
      "aupr_ci": [
        0.8127681595357911,
        0.8841806677386511
      ],
      "by_source": {
        "ptx_benign": {
          "auc": 0.6623501712328768,
          "aupr": 0.8928029308253466,
          "n_neg": 80
        },
        "normal_eoa": {
          "auc": 0.9838285808881347,
          "aupr": 0.9350758939070846,
          "n_neg": 1324
        }
      },
      "stratified": {
        "3-20": {
          "auc": 0.972663139329806,
          "n": 1272,
          "pos": 54,
          "neg": 1218
        },
        "20-100": {
          "auc": 0.9548170276325616,
          "n": 207,
          "pos": 103,
          "neg": 104
        },
        "100+": {
          "auc": 0.7132085020242914,
          "n": 206,
          "pos": 130,
          "neg": 76
        }
      }
    },
    "loc_attention": {
      "hit@1": 0.2910958904109589,
      "hit@5": 0.5787671232876712,
      "hit@10": 0.6815068493150684,
      "mrr": 0.4289949814065752,
      "n": 292,
      "hit@10_ci": [
        0.6267123287671232,
        0.7328767123287672
      ]
    },
    "loc_amount": {
      "hit@1": 0.1267123287671233,
      "hit@5": 0.2876712328767123,
      "hit@10": 0.3938356164383562,
      "mrr": 0.2123826142096073,
      "n": 292,
      "hit@10_ci": [
        0.339041095890411,
        0.4486301369863014
      ]
    },
    "loc_random": {
      "hit@1": 0.2191780821917808,
      "hit@5": 0.4863013698630137,
      "hit@10": 0.613013698630137,
      "mrr": 0.35188138056591634,
      "n": 292,
      "hit@10_ci": [
        0.5582191780821918,
        0.6678082191780822
      ]
    },
    "attn_vs_amount_hit10": {
      "delta_hit@10": 0.28767123287671226,
      "ci": [
        0.2363013698630137,
        0.339041095890411
      ]
    }
  },
  "none": {
    "in_domain": {
      "precision": [
        0.6981045360127004,
        0.01475556503718147
      ],
      "recall": [
        0.7327971403038428,
        0.010963220863615107
      ],
      "f1": [
        0.7147987846197564,
        0.0026105911629070084
      ],
      "auc": [
        0.9091848805311615,
        0.0009729991073358877
      ],
      "aupr": [
        0.775909599038476,
        0.0034938800425983944
      ]
    },
    "cross_domain": {
      "auc": 0.9661132088358116,
      "auc_ci": [
        0.9584092947601819,
        0.9733985805315105
      ],
      "aupr": 0.8520654397084063,
      "aupr_ci": [
        0.814577539307825,
        0.8860150055461778
      ],
      "by_source": {
        "ptx_benign": {
          "auc": 0.6659032534246576,
          "aupr": 0.8939302286604507,
          "n_neg": 80
        },
        "normal_eoa": {
          "auc": 0.9842527831808965,
          "aupr": 0.936497377744065,
          "n_neg": 1324
        }
      },
      "stratified": {
        "3-20": {
          "auc": 0.9746092562184516,
          "n": 1272,
          "pos": 54,
          "neg": 1218
        },
        "20-100": {
          "auc": 0.9559372666168782,
          "n": 207,
          "pos": 103,
          "neg": 104
        },
        "100+": {
          "auc": 0.713663967611336,
          "n": 206,
          "pos": 130,
          "neg": 76
        }
      }
    },
    "loc_attention": {
      "hit@1": 0.2945205479452055,
      "hit@5": 0.565068493150685,
      "hit@10": 0.6746575342465754,
      "mrr": 0.4262790537361729,
      "n": 292,
      "hit@10_ci": [
        0.6232020547945206,
        0.726027397260274
      ]
    },
    "loc_amount": {
      "hit@1": 0.1267123287671233,
      "hit@5": 0.2876712328767123,
      "hit@10": 0.3938356164383562,
      "mrr": 0.2123826142096073,
      "n": 292,
      "hit@10_ci": [
        0.339041095890411,
        0.4486301369863014
      ]
    },
    "loc_random": {
      "hit@1": 0.2191780821917808,
      "hit@5": 0.4863013698630137,
      "hit@10": 0.613013698630137,
      "mrr": 0.35188138056591634,
      "n": 292,
      "hit@10_ci": [
        0.5582191780821918,
        0.6678082191780822
      ]
    },
    "attn_vs_amount_hit10": {
      "delta_hit@10": 0.2808219178082192,
      "ci": [
        0.22945205479452058,
        0.33219178082191786
      ]
    }
  },
  "paired_crossdomain_auc_io_vs_none": {
    "delta_auc": 0.0235542774070171,
    "ci": [
      0.017167547578967785,
      0.030419370853866878
    ],
    "boot_p": 0.0
  }
}