{
  "comparison": {
    "meanpool_mil": {
      "in_domain": {
        "precision": [
          0.7359283223923361,
          0.029620232560384076
        ],
        "recall": [
          0.7789544235924932,
          0.04188852544030776
        ],
        "f1": [
          0.7554040796721562,
          0.014125066055772614
        ],
        "auc": [
          0.9329876062886318,
          0.0037115986088323803
        ],
        "aupr": [
          0.8374234128724402,
          0.008897654212975397
        ]
      },
      "cross_domain": {
        "auc_combined": 0.9569388729285638,
        "aupr_combined": 0.7642950396783345,
        "by_source": {
          "ptx_benign": {
            "auc": 0.884931506849315,
            "lo": 0.845242080479452,
            "hi": 0.9207189701734482,
            "n_neg": 80
          },
          "defi_hard": {
            "auc": 0.6393942636986302,
            "lo": 0.5880697021747296,
            "hi": 0.6912642739465195,
            "n_neg": 160
          },
          "normal_eoa": {
            "auc": 0.9996637420850061,
            "lo": 0.9992650809638189,
            "hi": 0.9999238223346482,
            "n_neg": 1324
          },
          "hard_all": {
            "auc": 0.7212400114155251,
            "lo": 0.6777643683126331,
            "hi": 0.7633073216640556,
            "n_neg": 240
          }
        }
      }
    },
    "maxpool_mil": {
      "in_domain": {
        "precision": [
          0.7377660960633692,
          0.030740681891669317
        ],
        "recall": [
          0.7701072386058981,
          0.040349416145433734
        ],
        "f1": [
          0.7520913581496582,
          0.012494030241829488
        ],
        "auc": [
          0.9330608759221981,
          0.004905463669568143
        ],
        "aupr": [
          0.8354798112853272,
          0.011403789435845748
        ]
      },
      "cross_domain": {
        "auc_combined": 0.9777353466699366,
        "aupr_combined": 0.8638587602937701,
        "by_source": {
          "ptx_benign": {
            "auc": 0.7793450342465754,
            "lo": 0.7166367815780034,
            "hi": 0.8368288601928104,
            "n_neg": 80
          },
          "defi_hard": {
            "auc": 0.8966930650684932,
            "lo": 0.8630346401441326,
            "hi": 0.927187294036139,
            "n_neg": 160
          },
          "normal_eoa": {
            "auc": 0.9995163059222778,
            "lo": 0.9986072022678488,
            "hi": 0.9999725680493801,
            "n_neg": 1324
          },
          "hard_all": {
            "auc": 0.8575770547945205,
            "lo": 0.8243756936820911,
            "hi": 0.891006628662223,
            "n_neg": 240
          }
        }
      }
    },
    "gatedattn_mil": {
      "in_domain": {
        "precision": [
          0.719758771905225,
          0.02356128584603649
        ],
        "recall": [
          0.7493297587131368,
          0.03077860083338585
        ],
        "f1": [
          0.7333256904272696,
          0.007806070318448839
        ],
        "auc": [
          0.9223599593450504,
          0.004310658284178254
        ],
        "aupr": [
          0.8137295688862055,
          0.010631628363848436
        ]
      },
      "cross_domain": {
        "auc_combined": 0.9649224415793715,
        "aupr_combined": 0.8441916354519798,
        "by_source": {
          "ptx_benign": {
            "auc": 0.8029965753424657,
            "lo": 0.7494006772574928,
            "hi": 0.8535420908339383,
            "n_neg": 80
          },
          "defi_hard": {
            "auc": 0.7578446061643835,
            "lo": 0.7143257019317072,
            "hi": 0.801006044863335,
            "n_neg": 160
          },
          "normal_eoa": {
            "auc": 0.9997309936680048,
            "lo": 0.9993717552011705,
            "hi": 0.9999851470977579,
            "n_neg": 1324
          },
          "hard_all": {
            "auc": 0.7728952625570777,
            "lo": 0.7325215996308171,
            "hi": 0.8113307609702203,
            "n_neg": 240
          }
        }
      }
    },
    "rf_aggregate": {
      "in_domain": {
        "precision": [
          0.7199367088607594,
          0.0
        ],
        "recall": [
          0.6099195710455764,
          0.0
        ],
        "f1": [
          0.660377358490566,
          0.0
        ],
        "auc": [
          0.8753285464277683,
          0.0
        ],
        "aupr": [
          0.6917914165332424,
          0.0
        ]
      },
      "cross_domain": {
        "auc_combined": 0.8801128998353361,
        "aupr_combined": 0.5880963876618412,
        "by_source": {
          "ptx_benign": {
            "auc": 0.5537243150684932,
            "lo": 0.4896984680805979,
            "hi": 0.6197012457595861,
            "n_neg": 80
          },
          "defi_hard": {
            "auc": 0.7944028253424658,
            "lo": 0.7531433519718302,
            "hi": 0.8358139200157272,
            "n_neg": 160
          },
          "normal_eoa": {
            "auc": 0.9101919774034681,
            "lo": 0.8944272234804316,
            "hi": 0.9243577919150742,
            "n_neg": 1324
          },
          "hard_all": {
            "auc": 0.7141766552511416,
            "lo": 0.6697356654672264,
            "hi": 0.7558728914465638,
            "n_neg": 240
          }
        }
      }
    }
  },
  "ablation": {
    "full": {
      "in_domain": {
        "precision": [
          0.7197207659191567,
          0.020297933878064823
        ],
        "recall": [
          0.7497319034852546,
          0.02822058081679369
        ],
        "f1": [
          0.7337865073300003,
          0.010873066619383392
        ],
        "auc": [
          0.9229241914043443,
          0.004901187316080004
        ],
        "aupr": [
          0.813497499490562,
          0.012908548833547107
        ]
      },
      "cross_domain": {
        "auc_combined": 0.9742406194163192,
        "aupr_combined": 0.8862919242133962,
        "by_source": {
          "ptx_benign": {
            "auc": 0.8488227739726028,
            "lo": 0.806538900474918,
            "hi": 0.8872057673229549,
            "n_neg": 80
          },
          "defi_hard": {
            "auc": 0.8253531678082191,
            "lo": 0.7844530505120151,
            "hi": 0.8640328943696723,
            "n_neg": 160
          },
          "normal_eoa": {
            "auc": 0.9998111782477341,
            "lo": 0.9995805525998624,
            "hi": 0.9999626827134134,
            "n_neg": 1324
          },
          "hard_all": {
            "auc": 0.8331763698630138,
            "lo": 0.7974376986060762,
            "hi": 0.8670630513343569,
            "n_neg": 240
          }
        }
      }
    },
    "no_tcn": {
      "in_domain": {
        "precision": [
          0.7223427867481241,
          0.01609101041576222
        ],
        "recall": [
          0.7477211796246649,
          0.02162128166611895
        ],
        "f1": [
          0.7345135435380079,
          0.011892134948764586
        ],
        "auc": [
          0.9254000738941841,
          0.005567741222017445
        ],
        "aupr": [
          0.8259352753562427,
          0.012416429273085196
        ]
      },
      "cross_domain": {
        "auc_combined": 0.954896997512525,
        "aupr_combined": 0.6355449816144167,
        "by_source": {
          "ptx_benign": {
            "auc": 0.5921232876712329,
            "lo": 0.5001303345394915,
            "hi": 0.6785362259739552,
            "n_neg": 80
          },
          "defi_hard": {
            "auc": 0.76451198630137,
            "lo": 0.7097020794215825,
            "hi": 0.8194664354582784,
            "n_neg": 160
          },
          "normal_eoa": {
            "auc": 0.9998241112444647,
            "lo": 0.9995948531342612,
            "hi": 0.9999897924951092,
            "n_neg": 1324
          },